NÂº de consulta,Ignorar este campo,URL,Nivel de acierto
0,0,http://ciir-publications.cs.umass.edu/getpdf.php?id=1066,0
0,0,http://citeseerx.ist.psu.edu/viewdoc/download?doi=10.1.1.116.2558&rep=rep1&type=pdf,0
0,0,http://citeseerx.ist.psu.edu/viewdoc/summary?doi=10.1.1.56.8056,2
0,0,http://dictionary.reference.com/browse/information%20theory,0
0,0,http://dl.acm.org/citation.cfm?id=2499178,0
0,0,http://dspace.library.uu.nl/bitstream/handle/1874/18314/huibers_96_information.pdf?sequence=1,0
0,0,http://dspace.library.uu.nl/bitstream/handle/1874/832/huibers.pdf,1
0,0,http://en.wikipedia.org/wiki/Information_retrieval,0
0,0,http://en.wikipedia.org/wiki/Information_theory,1
0,0,http://encyclopedia2.thefreedictionary.com/information+retrieval,0
0,0,http://ictir2015.org,0
0,0,http://lincs.ischool.drexel.edu/?q=LIT,2
0,0,http://nlp.stanford.edu/IR-book/information-retrieval-book.html,0
0,0,http://nlp.stanford.edu/IR-book/pdf/irbookonlinereading.pdf,1
0,0,http://onlinelibrary.wiley.com/doi/10.1002/asi.21358/pdf,0
0,0,http://psychology.about.com/od/cognitivepsychology/a/memory_retrival.htm,0
0,0,http://web4.cs.ucl.ac.uk/staff/jun.wang/papers/slides-sigir09-pt.pdf,0
0,0,http://www.academia.edu/6180003/Information_Theory_and_Information_Retrieval,2
0,0,http://www.amazon.com/Advances-Information-Retrieval-Theory-International/dp/3642044166,0
0,0,http://www.bcs.org/upload/pdf/ewic_mi99_paper9.pdf,0
0,0,http://www.britannica.com/topic/retrieval,0
0,0,http://www.cs.cmu.edu/~aberger/proposal.ps,2
0,0,http://www.researchgate.net/publication/2282868_Information_Retrieval_and_Information_Theory,2
0,0,http://www.sciencedirect.com/science/article/pii/S0953543898000137,0
0,0,http://www.springer.com/us/book/9783642044168,0
0,0,https://en.wikipedia.org/wiki/Information_retrieval,0
0,0,https://en.wikipedia.org/wiki/Information_theory,1
0,0,https://kmi.open.ac.uk/events/ictir09,0
0,0,https://www.infona.pl/resource/bwmeta1.element.springer-ce1b5ba7-e3e6-3b67-824f-99f13a3b4be4/tab/bContent,0
1,0,https://bonosdeapuesta.com/apuestas/cuanto-gana-un-jugador-de-futbol-sala/,1
1,0,https://cuanto.top/gana/jugador-futbol-sala/,2
1,0,https://es.calcuworld.com/cuantos/cuanto-gana-un-jugador-de-futbol/,0
1,0,https://es.quora.com/Cu%C3%A1nto-gana-o-cobra-un-jugador-de-f%C3%BAtbol-de-2B-en-Espa%C3%B1a,0
1,0,https://futboljobs.com/blog/cuanto-cobra-un-jugador-de-futbol-de-tercera-division/,0
1,0,https://futboljobs.com/pt/blog/cuanto-gana-un-jugador-de-futbol-en-espana/,0
1,0,https://sacandodebanda.com/2019/10/16/salarios-clausulas-futbol-sala/,2
1,0,https://sueldospublicos.economiadigital.es/texto-diario/mostrar/554504/salario-minimo-futbolistas-primera-segunda-division,0
1,0,https://www.abc.es/economia/20141112/abci-cuanto-cobra-futbolista-espana-201411112140.html,0
1,0,https://www.cuatro.com/deportes/futbol/cuanto-cobra-jugadora-profesional-futbol-salario-be5m_18_3057345368.html,0
1,0,https://www.cuatro.com/deportes/futbol/liga/sueldo-arbitros-primera-division-futbol-be5m_18_2961270028.html,0
1,0,https://www.culemania.com/palco/todos-salarios-deportistas-profesionales-barca_332091_102.html,0
1,0,https://www.estrelladigital.es/articulo/futbol/cuanto-gana-jugador-mas-humilde-primera/20141012204158213232.html,0
1,0,https://www.forocoches.com/foro/showthread.php?t=2757667,2
1,0,https://www.forocoches.com/foro/showthread.php?t=3524711,2
1,0,https://www.futsalcorner.es/la-columna/cifras-numeros-futsal/,1
1,0,https://www.marca.com/futbol/futbol-femenino/2019/02/08/5c5dbfe546163f4c358b45e5.html,0
1,0,https://www.merca2.es/sueldos-jugadores-futbol-sala/,1
1,0,https://www.saberia.com/cuanto-cobra-un-jugador-de-futbol-sala/,2
1,0,https://www.todoparaarbitros.com/cuanto-cobra-un-arbitro-de-futbol-sala/,0
2,0,https://bulbapedia.bulbagarden.net/wiki/Catch_rate,0
2,0,https://bulbapedia.bulbagarden.net/wiki/Critical_hit,0
2,0,https://bulbapedia.bulbagarden.net/wiki/Damage,2
2,0,https://bulbapedia.bulbagarden.net/wiki/Stat,0
2,0,https://bulbapedia.bulbagarden.net/wiki/User:FIQ/Damage_calculation,1
2,0,https://calc.pokemonshowdown.com/,1
2,0,https://jake-white.github.io/VGC-Damage-Calculator/,1
2,0,https://pokemon.fandom.com/wiki/Damage_Calculation,2
2,0,https://pokemon.fandom.com/wiki/Generation_I,0
2,0,https://pokemondb.net/pokebase/170806/what-is-the-formula-to-calculate-ivs-and-evs,0
2,0,https://pokemondb.net/pokebase/276614/what-is-the-actual-pokemon-damage-formula,2
2,0,https://www.dragonflycave.com/mechanics/battle,2
2,0,https://www.math.miami.edu/~jam/azure/compendium/battdam.htm,2
2,0,https://www.pikalytics.com/calc,1
2,0,https://www.reddit.com/r/TruePokemon/comments/1bp0po/pok%C3%A9mons_damage_formula_is_weird_some_thoughts_as/,2
2,0,https://www.serebii.net/games/damage.shtml,2
2,0,https://www.smogon.com/bw/articles/bw_complete_damage_formula,1
2,0,https://www.smogon.com/dp/articles/damage_formula,2
2,0,https://www.smogon.com/rb/articles/critical_hits,0
3,0,https://aminoapps.com/c/anime/page/blog/griffith-did-nothing-wrong/bEto_u0ozgYl7ZaEB087D18kaDDZQR,2
3,0,https://aminoapps.com/c/anime/page/blog/griffith-did-nothing-wrong/WltX_ue16bDe6mK5adQw335a63jxY5,2
3,0,https://berserk.fandom.com/es/wiki/Griffith,1
3,0,https://coladitos.com/taza/griffith-did-nothing-wrong,0
3,0,https://comicbook.com/anime/news/berserk-art-griffith-different-anime-styles-dragon-ball-jojo-demon-slayer/,1
3,0,https://edilico.com/161057-berserk-griffith-did-everything-wrong/,2
3,0,https://es-la.facebook.com/pg/griffithdidnothingwrongyeah/posts/,0
3,0,https://genius.com/Robb-bank-griffith-did-nothing-wrong-lyrics,0
3,0,https://knowyourmeme.com/memes/subcultures/berserk,1
3,0,https://soundcloud.com/robbbanks/griffith-did-nothing-wrong,0
3,0,https://www.amazon.com/-/es/Griffith-Did-Nothing-Wrong-Berserk/dp/B08CXR2NK2,0
3,0,https://www.amazon.com/-/es/JANNINSE-Griffith-Nothing-Berserk-almohada/dp/B08L3D8VKR,0
3,0,https://www.amazon.es/Cloud-City-Griffith-Nothing-Berserk/dp/B07JGZYTVT,0
3,0,https://www.amazon.es/Saitama-Griffith-Nothing-Wrong-Berserk/dp/B083GKLNTV,0
3,0,https://www.azlyrics.com/lyrics/robbbanks/griffithdidnothingwrong.html,0
3,0,https://www.facebook.com/GriffithTheInnocent/,0
3,0,https://www.facebook.com/GriffithTheInnocent/posts/2593036430986812,0
3,0,https://www.pinterest.es/alberto_rt/griffith-did-nothing-wrong/,0
3,0,https://www.redbubble.com/es/i/camiseta/Griffith-did-nothing-wrong-de-DemonigoteCamis/32369979.NL9AC,0
3,0,https://www.reddit.com/r/Berserk/comments/553kd3/where_did_griffith_did_nothing_wrong_come_from/,1
3,0,https://www.reddit.com/r/Berserk/comments/c4f1ni/griffith_did_nothing_wrong/,2
3,0,https://www.reddit.com/r/Berserk/comments/hxdus0/griffith_did_nothing_wrong_apart_from_what_he_did/,2
3,0,https://www.reddit.com/r/forsen/comments/kalzwd/griffith_did_nothing_wrong/,2
3,0,https://www.reddit.com/r/OutOfTheLoop/comments/7nacf2/where_did_the_idea_griffith_did_nothing_wrong/,1
3,0,https://www.reddit.com/r/unpopularopinion/comments/f8n9j7/griffith_did_nothing_wrong/,2
3,0,https://www.taringa.net/+manga_anime/johan-analiza-berserk-griffith-did-nothing-wrong_xtpf0,2
4,0,http://files.cocinacaliente.webnode.es/200000011-5a2c25b26f/LAS%20SOPAS.pdf,2
4,0,https://brainly.lat/tarea/28139635,0
4,0,https://brainly.lat/tarea/33854585,1
4,0,https://cookpad.com/es/buscar/sopa%20de%20leche,0
4,0,https://elpais.com/elpais/2019/12/20/buenavida/1576848685_542543.html,0
4,0,https://entre3fogones.com/sopa-valenciana.html,0
4,0,https://es.answers.yahoo.com/question/index?qid=20130812191101AAxI7Bm,1
4,0,https://es.food-of-dream.com/publication/92796/,0
4,0,https://es.quora.com/El-cereal-es-considerado-una-sopa-Por-qu%C3%A9-o-por-qu%C3%A9-no,1
4,0,https://es.quora.com/Es-el-cereal-una-sopa,1
4,0,https://food.cirdy.com/14622/es-sopa-de-cereales.html,1
4,0,https://food.cirdy.com/42971/si-vierte-leche-en-el-cereal-la-leche-es-una-sopa-un-caldo-o-una-salsa.html,2
4,0,https://gastronomiaycia.republica.com/2012/10/05/sopas-de-pasta-y-cereales/,0
4,0,https://qastack.mx/cooking/76084/is-cereal-a-soup,2
4,0,https://wapa.pe/salud/1247248-recetas-aprende-preparar-sopa-leche-alimentos-consejos-mama,0
4,0,https://www.alimente.elconfidencial.com/nutricion/2018-05-12/desayuno-extranjero-sopa-gachas-fruta_1560905/,0
4,0,https://www.antena3.com/novalife/recetas-cocina/bol-leche-cereales-cama-errores-cena-que-impiden-adelgazar_2016020457da7da70cf2f66f47e2780d.html,0
4,0,https://www.antena3.com/novalife/recetas-cocina/que-se-echa-antes-la-leche-o-los-cereales-te-traemos-la-respuesta-definitiva_2017102359ef25750cf21897acb5f51f.html,0
4,0,https://www.chilecomedia.com/faq/el-cereal-con-leche-puede-ser-considerado-una-sopa/,0
4,0,https://www.elmundo.es/vida-sana/bienestar/2017/02/21/58a6ef7fe5fdeaa8038b45c8.html,0
4,0,https://www.facebook.com/chilesunlugarbonito/posts/el-cereal-con-leche-es-sopa/1920355358077551/,1
4,0,https://www.facebook.com/soyantropologa/posts/101711085243907,1
4,0,https://www.gallinablanca.es/receta/sopa-de-cereales-con-romero/,0
4,0,https://www.myprotein.es/thezone/nutricion/dieta-de-la-sopa/,0
4,0,https://www.reddit.com/r/vzla/comments/hm939o/lunes_6_de_abril_de_2020_el_cereal_es_una_sopa/,2
5,0,http://futboldesdefrancia.com/psg-mejor-equipo-frances/,2
5,0,http://meristation.as.com/zonaforo/topic/2965023/,1
5,0,https://as.com/futbol/2020/10/06/videos/1601999913_805252.html,0
5,0,https://as.com/futbol/2021/01/23/internacional/1611400641_190513.html,1
5,0,https://clubfrance.org.mx/,0
5,0,https://co.marca.com/claro/futbol/balon-oro/2020/12/14/5fd7b4ec268e3e793f8b464c.html,0
5,0,https://colgadosporelfutbol.com/los-diez-mejores-jugadores-franceses-de-la-historia/,0
5,0,https://es.wikipedia.org/wiki/F%C3%BAtbol_en_Francia,1
5,0,https://es.wikipedia.org/wiki/Ligue_1,0
5,0,https://mexico.as.com/mexico/2019/02/12/album/1549928574_184617.html,1
5,0,https://ofrench.com/es/cultura/los-mejores-futbolistas-franceses-de-11-de-todos-los-tiempos/,0
5,0,https://resultados.as.com/resultados/futbol/francia/2019_2020/ranking/equipos/,1
5,0,https://www.abc.es/deportes/futbol/futbol-frances/,0
5,0,https://www.abc.es/deportes/real-madrid/abci-mejor-club-historia-real-madrid-201902120111_noticia.html,0
5,0,https://www.clubworldranking.com/espanol/ranking-clubs,0
5,0,https://www.elespectador.com/deportes/futbol-internacional/polemica-por-el-mejor-equipo-de-la-historia-que-armo-la-revista-france-foorball/,0
5,0,https://www.fcbarcelonanoticias.com/futbol-internacional/todibo-entre-once-mejores-futbol-frances-en-jornada-24_265044_102.html,0
5,0,https://www.granfutbol.com/clubes-franceses.html,1
5,0,https://www.marca.com/futbol/liga-francesa.html,0
5,0,https://www.populari.net/es/11/los-clubes-de-futbol-mas-populares-de-francia,0
5,0,https://www.populari.net/es/11/www.populari.net/fr/11/clubs-de-football-francais-les-plus-populaires,1
5,0,https://www.rtve.es/deportes/20201214/xavi-hernandez-mejor-equipo-historia-balon-oro-dream-team/2060083.shtml,0
5,0,https://www.sobrefutbol.com/equipos/equipos_francia.htm,2
5,0,https://www.sobrefutbol.com/torneos/liga_francesa_equipo.htm,2
5,0,https://www.sport.es/es/liga-francia/,0
6,0,http://lolacoci.blogspot.com/2012/12/tartaletas-de-aperitivo.html,0
6,0,https://cocinaderosi.wordpress.com/category/postres/tartaletas/,0
6,0,https://cookpad.com/es/recetas/1724575-tartaletas-de-bacon-y-setas,0
6,0,https://es.openfoodfacts.org/producto/8481772701166/tartaletas-mini-confiletas,2
6,0,https://info.mercadona.es/es/consejos/alimentacion/aperitivos-de-mercadona-para-tus-menus-navidenos/tip,0
6,0,https://info.mercadona.es/es/consejos/alimentacion/masa-de-hojaldre-sin-gluten-para-todos-los-gustos/tip,0
6,0,https://info.mercadona.es/es/consejos/alimentacion/nueva-masa-filo/tip,0
6,0,https://info.mercadona.es/es/consejos/alimentacion/pan-y-bolleria-recien-hecha-en-el-horno-de-mercadona/tip,0
6,0,https://info.mercadona.es/es/consejos/alimentacion/para-abrir-boca-aperitivos-de-navidad-0/tip,0
6,0,https://info.mercadona.es/es/consejos/alimentacion/tartas-de-mercadona-para-celebrar-un-dia-muy-especial/tip,0
6,0,https://okdiario.com/navidad/mejores-aperitivos-navidad-mercadona-delicia-6565178,0
6,0,https://recetasdecocina.elmundo.es/2019/12/aperitivos-tartaletas-navidad-recetas.html,0
6,0,https://rerce.es/tartaletas-mercadona/,0
6,0,https://www.directoalpaladar.com/recetas-de-aperitivos/23-tartaletas-saladas-para-triunfar-navidades,0
6,0,https://www.divinacocina.es/tartaletas-saladas-variadas/,0
6,0,https://www.elrecetariodenachef.com/tartaletas-frias-con-base-de-queso/,0
6,0,https://www.galissea.com/tartaletas-saladas-calientes-para-celebraciones-o-aperitivos/,0
6,0,https://www.guisandomelavida.com/2012/12/aperitivos-faciles-trilogia-de-tartaletas/,0
6,0,https://www.hogarmania.com/cocina/recetas/aperitivos/ideas-para-rellenar-tartaletas-dulces-29989.html,0
6,0,https://www.hogarmania.com/cocina/recetas/postres/tartaletas-yogur-23611.html,0
6,0,https://www.mercadona.es/,0
6,0,https://www.msn.com/es-es/recetas/recetas/tartaletas-o-volovanes-7-recetas-para-encandilar-a-tus-comensales/ar-BB1c8fmD,0
6,0,https://www.petitchef.es/recetas/fresa_tartaletas,0
6,0,https://www.petitchef.es/recetas/tartaletas-de-chocolate,0
6,0,https://www.pinterest.es/pin/631770653949671097/,0
7,0,http://bestblendersmixers.co.uk/tlw+direkt+gmbh+&+co.kg,0
7,0,http://www.comcerto.it/13562/kgtlw-live-a-ottobre-per-ununica-data,2
7,0,http://www.progarchives.com/artist.asp?id=11151,2
7,0,https://brutalistrecords.bandcamp.com/merch/kg-tlw-t-shirt-digital-bundle-includes-video-game-access,1
7,0,https://gadgetelite.net/product/kg-tlw-fm14/,0
7,0,https://kinggizzard.bandcamp.com/album/live-in-san-francisco-16,2
7,0,https://kinggizzardandthelizardwizard.com/,2
7,0,https://recordstoreday.com/UPC/880882339326,1
7,0,https://soundcloud.com/cknie/sets/kg-tlw,1
7,0,https://spinmeroundstore.com/UPC/880882339715,1
7,0,https://thefirenote.com/2018/09/27/king-gizzard-the-lizard-wizard-5-reissues-ato-color-vinyl-2000-copies/,1
7,0,https://vintagevinyl.com/UPC/880882339418,1
7,0,https://www.amazon.com/-/es/gp/customer-reviews/R3QRV5AV1B4U2F?ASIN=B08LFZZ3Z7,1
7,0,https://www.amazon.com/Float-Along-Fill-Lungs-Yellow/dp/B07HGBTYH4,2
7,0,https://www.behance.net/search/projects?search=kg%26tlw,0
7,0,https://www.binaural.es/articulos/5-razones-por-las-que-king-gizzard-the-lizard-wizard-son-la-mejor-banda-de-rock-psicodelico-del-momento/,2
7,0,https://www.bundes-telefonbuch.de/iserlohn/transporte/tlw-transport-logistik-wichmann-gmbh-co-kg-bvg301364911,0
7,0,https://www.dnb.com/business-directory/company-profiles.tlw_transport-logistik_wichmann_gmbh__co_kg.54e319e20b681f62ce887d184cc43c60.html,0
7,0,https://www.firmenwissen.de/az/firmeneintrag/81247/8170517903/TLW_GRUNDVERWALTUNG_GMBH_CO_KG.html,0
7,0,https://www.golocal.de/iserlohn/speditionen/tlw-transport-logistik-wichmann-gmbh-co-kg-3Icr/,0
7,0,https://www.instagram.com/kinggizzard_cl/,1
7,0,https://www.instagram.com/p/CGm2GLhJumo/,1
7,0,https://www.kivells.com/sites/default/files/market-reports/6%20January%202021%20-%20merge.pdf,0
7,0,https://www.normanrecords.com/records/185295-king-gizzard-lizard-wizard-demos-volumes-1-2,2
7,0,https://www.phantasytour.com/bands/king-gizzard-and-the-lizard-wizard/songs/28078/altered-beast-ii,2
7,0,https://www.pinterest.com/pin/546342998537357132/,1
7,0,https://www.redbubble.com/i/iphone-case/kgandtlw-by-jeremygoodacre/24752545.TALA6,1
7,0,https://www.reddit.com/r/KingGizzard/comments/iyfsmb/where_do_i_start_with_kgtlw/,2
7,0,https://www.ticketmaster.com/King-Gizzard-and-the-Lizard-Wizard-tickets/artist/1970014,2
7,0,https://www.tigerdroppings.com/rant/music/new-kgandtlw-fishing-for-fishies/83224260/,2
7,0,https://www.tumblr.com/tagged/kg%26tlw,1
8,0,https://cocina-casera.com/exito-te-matcha/,0
8,0,https://elclubdelte.com/te-matcha-propiedades-beneficios-se-usa/,0
8,0,https://elcomidista.elpais.com/elcomidista/2017/02/23/articulo/1487854678_531402.html,0
8,0,https://elpais.com/elpais/2016/05/09/tentaciones/1462815421_382490.html,0
8,0,https://gastronomiaycia.republica.com/2009/11/19/te-matcha/,0
8,0,https://info.mercadona.es/es/consejos/alimentacion/te-matcha-hacendado-el-te-japones-de-moda/tip,0
8,0,https://malvestida.com/2018/06/fui-una-cata-te-matcha-estas-fueron-10-cosas-aprendi/,0
8,0,https://matchate.es/,1
8,0,https://mujermexico.com/moda-y-belleza/como-preparar-el-matcha-a-que-sabe-donde-comprarlo/,1
8,0,https://proyectobalance.com/onda-te-matcha/,0
8,0,https://smoda.elpais.com/belleza/la-ultima-superbebida-llega-de-japon-todo-lo-que-debes-saber-del-te-matcha/,0
8,0,https://www.alimente.elconfidencial.com/consumo/2020-10-03/te-ritual-matcha-infusion-ceremonia-japon_1559158/,0
8,0,https://www.amazon.es/gp/customer-reviews/R3G21XQELPA9NT,0
8,0,https://www.burbuja.info/inmobiliaria/threads/el-te-verde-sabe-a-pescado.317622/#,0
8,0,https://www.farmaciatorrent.com/blog/dietetica-nutricion/te-matcha-todo-lo-que-debes-saber/,0
8,0,https://www.hola.com/estar-bien/galeria/20210210184122/te-matcha-propiedades-beneficios-salud/1/,0
8,0,https://www.kiwilimon.com/blog/datos-curiosos/como-identificar-si-la-matcha-es-de-calidad,1
8,0,https://www.kyusuteas.com/el-te-verde-japones-huele-a-alga,2
8,0,https://www.lavanguardia.com/comer/materia-prima/20190328/461291896012/te-errores-preparar-bebida-infusion.html,0
8,0,https://www.lekue.com/es/blog/te-matcha-todo-lo-que-necesitas-saber-sobre-el-te-de-moda/,0
8,0,https://www.miarevista.es/ocio/articulo/todo-lo-que-no-sabias-del-te-matcha-481479454450,0
8,0,https://www.natursan.net/te-verde-matcha-que-es-beneficios-y-propiedades/,0
8,0,https://www.superalimentos.es/te-matcha/,0
8,0,https://www.teasenz.com/es/te-chino/te-huele-a-pescado.html,2
9,0,https://computerhoy.com/guia-compra/robot-aspirador,1
9,0,https://elpais.com/elpais/2021/02/01/escaparate/1612177663_150969.html,0
9,0,https://elpais.com/tecnologia/2019/11/27/actualidad/1574872985_952092.html,0
9,0,https://hipertextual.com/2019/07/sophia-robot-humanoide,0
9,0,https://robotsaldetalle.es/noticias/10-consejos-antes-de-programar-tu-robot-aspirador/,0
9,0,https://www.abc.es/tecnologia/abci-mejores-robots-aspiradora-2020-cual-merece-mas-pena-202012280048_noticia.html,0
9,0,https://www.abc.es/tecnologia/informatica/hardware/abci-colin-angle-siguiente-evolucion-robots-para-cuidar-personas-dependientes-201806060205_noticia.html,0
9,0,https://www.amazon.es/Robot-aspirador/s?k=Robot+aspirador&rh=p_8%3A30-99,0
9,0,https://www.elconfidencial.com/tecnologia/2019-09-03/robot-aspirador-conga-roomba-roborock_2205167/,0
9,0,https://www.elconfidencial.com/tecnologia/2019-12-26/business-process-outsourcing-bpo-konecta-inteligencia-artificial-empresas_2390583/,0
9,0,https://www.elcorteingles.es/ideas-y-consejos/tecnologia/que-hay-detras-del-mapeado-inteligente-de-un-robot-aspirador-y-como-sacarle-el-maximo-partido/,1
9,0,https://www.elmundo.es/loc/celebrities/2021/01/19/6006d242fdddff6eab8b4602.html,0
9,0,https://www.elmundo.es/tecnologia/2017/11/01/59f8930dca4741c7078b458a.html,0
9,0,https://www.elmundo.es/tecnologia/gadgets/2020/07/05/5ef456fafc6c83b5098b45e6.html,0
9,0,https://www.innovaspain.com/saiph-savage-inteligencia-artificial-trabajadores/,0
9,0,https://www.lancelotdigital.com/otras-noticias-de-interes/conoce-la-historia-que-hay-detras-del-robot-aspirador,0
9,0,https://www.lavanguardia.com/tecnologia/20190309/46917277133/inteligencia-artificial-guia-visitantes-museos-arte-ia.html,0
9,0,https://www.miaspiradora.com/robots-aspiradores/,0
9,0,https://www.milenio.com/opinion/varios-autores/ciencia-tecnologia/inteligencia-artificial-para-exploracion-espacial,0
9,0,https://www.muyinteresante.es/tecnologia/articulo/ventajas-y-riesgos-de-la-inteligencia-artificial-651449483429,0
9,0,https://www.muyinteresante.es/tecnologia/inteligencia-artificial/articulo/pon-un-robot-aspirador-en-tu-vida-si-es-inteligente-921571675558,0
9,0,https://www.xataka.com/categoria/robotica-e-ia,0
9,0,https://www.xataka.com/ciencia-ficcion/humanos-artificiales-ilegales-conciencia-compartida-e-ia-ideas-detras-este-increible-corto-ciencia-ficcion,0
9,0,https://www.xataka.com/entrevistas/ia-permitira-robots-roomba-entender-nuestros-hogares-no-diez-anos-christian-cerda-coo-irobot,1
9,0,https://www.xataka.com/entrevistas/objetivo-tener-robot-aspirador-perfecto-aquel-que-no-te-tienes-que-ocupar-colin-angle-ceo-irobot-roomba,1
9,0,https://www.xataka.com/robotica-e-ia/estos-son-los-tipos-de-algoritmos-clave-en-la-busqueda-de-la-inteligencia-artificial,0
10,0,https://answers.yahoo.com/question/index?qid=20131016203530AAp6r5v,1
10,0,https://disease.cirdy.com/25682/que-es-peor-para-su-salud-coca-cola-o-cerveza.html,1
10,0,https://elpais.com/elpais/2014/11/24/buenavida/1416841834_249682.html,0
10,0,https://es.answers.yahoo.com/question/index?qid=20100131121519AAu4XG9,1
10,0,https://es.answers.yahoo.com/question/index?qid=20120325163221AAeJCWL,1
10,0,https://es.quora.com/Qu%C3%A9-es-peor-para-tu-salud-La-Coca-Cola-o-la-cerveza,1
10,0,https://espanol.answers.yahoo.com/question/index?qid=20101117213312AAGLnTy,1
10,0,https://informaciongastronomica.com/la-mala-fama-de-la-cerveza-cruzcampo/,0
10,0,https://www.bnc.es/salud/la-coca-cola-zero-engorda/,0
10,0,https://www.diariovasco.com/sociedad/salud/,0
10,0,https://www.elconfidencial.com/alma-corazon-vida/2018-06-20/dejar-el-alcohol-y-bebidas-gas-un-mes-que-pasa_1581027/,0
10,0,https://www.eluniversal.com.mx/menu/azucar-o-alcohol-que-hace-mas-dano,1
10,0,https://www.forocoches.com/foro/showthread.php?t=2209723,1
10,0,https://www.forocoches.com/foro/showthread.php?t=6910805,1
10,0,https://www.fuentesaludable.com/que-causa-mas-dano-la-coca-cola-o-la-cerveza/,2
10,0,https://www.gastrolabweb.com/bebidas/2020/8/24/que-bebida-engorda-mas-cerveza-refresco-descubrelo-2621.html,1
10,0,https://www.ideal.es/sociedad/201609/27/engorda-cerveza-refresco-cola-20160927112407.html,1
10,0,https://www.leonoticias.com/vivir/salud/cerveza-puede-saludable-20200312132018-ntrc.html?ref=https%3A%2F%2Fwww.google.com%2F,1
10,0,https://www.moncloa.com/2020/01/25/coca-cola-cerveza-que-engorda-mas/,0
10,0,https://www.vitonica.com/dietas/refrescos-o-cerveza-cual-tiene-menos-calorias,1
11,0,https://ecoosfera.com/animales-espias-cuervos-cia-guerra-fria/,1
11,0,https://es.euronews.com/2019/04/30/una-ballena-espia-de-rusia,1
11,0,https://laverdadnoticias.com/innovacion/Insectos-clandestinos-son-usados-para-el-espionaje-20200228-0007.html,0
11,0,https://retina.elpais.com/retina/2020/02/21/innovacion/1582282849_915021.html,0
11,0,https://www.aladinia.com/blog/nadar-con-delfines-en-espana/,0
11,0,https://www.bbc.com/mundo/noticias-49704868,1
11,0,https://www.bbc.com/mundo/noticias-internacional-48098550,1
11,0,https://www.dolphinaris.com/es/15-mejores-lugares-para-nadar-con-delfines-en-el-mundo-una-guia/,0
11,0,https://www.dw.com/es/animales-al-servicio-del-espionaje/g-48568667,0
11,0,https://www.elpais.com.uy/mundo/aves-gatos-delfines-espias-cia.html,1
11,0,https://www.elperiodico.com/es/internacional/20150819/hamas-caputara-un-delfin-espia-de-israel-4442046,2
11,0,https://www.eltiempo.com/mundo/eeuu-y-canada/cuales-son-los-animales-que-han-sido-utilizados-para-espionaje-412644,1
11,0,https://www.huffingtonpost.es/2015/08/21/delfin-espia-hamas_n_8019314.html,2
11,0,https://www.huffingtonpost.es/2015/08/22/animales-usados-espias_n_8020756.html,2
11,0,https://www.lavanguardia.com/natural/animaladas-videos/20190502/461973666218/delfin-espia-reino-animal.html,1
11,0,https://www.muyinteresante.es/naturaleza/fotos/curiosidades-sobre-los-delfines-391569851586,0
11,0,https://www.nationalgeographic.com.es/animales/delfines,0
11,0,https://www.nationalgeographic.es/animales/2018/02/estos-animales-fueron-acusados-de-ser-espias-internacionales,1
11,0,https://www.ngenespanol.com/el-mundo/historia-secreta-animales-espias-cia/,0
11,0,https://www.rtve.es/alacarta/audios/memoria-de-delfin/memoria-delfin-espionaje-desde-garganta-profunda-nuestros-dias-23-05-16/3613626/,0
12,0,http://www.fedhielo.com/resultados-curling/,0
12,0,https://efdeportes.com/efd149/el-curling-historia-y-reglas-del-juego.htm,0
12,0,https://elpais.com/deportes/2018/10/14/actualidad/1539523869_546644.html,1
12,0,https://es.wikipedia.org/wiki/Curling,0
12,0,https://es.wikipedia.org/wiki/Irantzu_Garc%C3%ADa,1
12,0,https://jennifermartineez.blogspot.com/2016/06/mejores-jugadores-de-curling.html,1
12,0,https://www.elconfidencial.com/deportes/otros-deportes/2017-09-02/espanoles-vascos-juegan-curling-nueva-zelanda_1436594/,1
12,0,https://www.eurosport.es/curling/premios-a-los-mejores-jugadores-del-curling-espanol_sto5178490/story.shtml,2
12,0,https://www.fedhielo.com/category/noticias/curling/,0
12,0,https://www.fedhielo.com/curling/,0
12,0,https://www.goldendreamsteam.es/deportistas/edu-de-paz.html,1
12,0,https://www.hammerspain.es/2018/06/10/mikel-unanue-y-oihane-otaegi-mejores-jugadores-de-la-temporada-2017-2018/,2
12,0,https://www.marca.com/deportes-invierno/2018/10/22/5bcdcc5f268e3e941b8b45f7.html,2
12,0,https://www.pirinews.es/el-club-hielo-del-pirineo-curling-clasifica-a-dos-equipos-entre-los-ocho-mejores-de-espana/,1
12,0,https://www.pirinews.es/los-mejores-jugadores-de-curling-de-espana-competiran-este-fin-de-semana-en-jaca/,1
12,0,https://www.rtve.es/deportes/20100224/asi-esta-curling-espana/320254.shtml,0
12,0,https://www.rtve.es/fotogalerias/estrellas-olimpicas-hielo/129195/jugador-canadiense-curling-brad-jacobs/23/,0
13,0,http://www.mipaseoporelmundo.com/los-himba-la-tribu-africana-mas-peculiar/,1
13,0,https://cronicasdelaciudadsinnombre.blogspot.com/2009/04/los-himba-costumbres-ancestrales_01.html,1
13,0,https://dandovueltasfotos.com/como-viven-los-himba-en-namibia/,0
13,0,https://elpais.com/cultura/2018/04/21/actualidad/1524266563_167806.html,0
13,0,https://elviajerolibre.com/visitar-aldea-himba/,1
13,0,https://es.wikipedia.org/wiki/Himba,0
13,0,https://es.wikipedia.org/wiki/Perdidos_en_la_ciudad,2
13,0,https://es.wikipedia.org/wiki/Perdidos_en_la_tribu,2
13,0,https://etniasdelmundo.com/c-angola/himba/,0
13,0,https://losviajesdeali.com/himba/,1
13,0,https://twitter.com/embespnamibia/status/1004362728297910276?lang=es,0
13,0,https://www.20minutos.es/noticia/866758/0/perdidos/tribu/espana/,2
13,0,https://www.curioson.es/2011/02/la-tribu-himba.html,0
13,0,https://www.ecured.cu/Tribu_Himba,0
13,0,https://www.elperiodico.com/es/port/mundo/20190517/himba-tribu-bella-africa,0
13,0,https://www.publico.es/actualidad/ahora-tribu.html,2
13,0,https://www.ratpanat.com/los-himba-esa-curiosa-bella-tribu-namibia/,0
13,0,https://www.tribu.com/es,0
13,0,https://xamanismetortosa.com/es/himba/,0
14,0,http://rcompanion.org/handbook/F_12.html,0
14,0,http://www.sciencepublishinggroup.com/journal/paperinfo?journalid=149&doi=10.11648/j.sjams.20180603.13,2
14,0,http://www.stat.cmu.edu/proposals/MattiaCiollaro.pdf,2
14,0,https://arxiv.org/pdf/1504.02813.pdf,1
14,0,https://arxiv.org/pdf/math/0603084.pdf,2
14,0,https://core.ac.uk/download/pdf/82249074.pdf,0
14,0,https://en.wikipedia.org/wiki/Functional_data_analysis#Function-on-scalar_regression,1
14,0,https://link.springer.com/article/10.1007/s10700-021-09353-0,0
14,0,https://link.springer.com/article/10.1007/s11203-020-09223-3,1
14,0,https://link.springer.com/book/10.1007/0-387-36620-2,2
14,0,https://mivogt.github.io/files/papers/classification_nonparametric_regression_functions/paper.pdf,1
14,0,https://onlinelibrary.wiley.com/doi/full/10.1111/j.1467-842X.2007.00480.x,2
14,0,https://projecteuclid.org/journals/annals-of-statistics/volume-38/issue-6/Uniform-convergence-rates-for-nonparametric-regression-and-principal-component-analysis/10.1214/10-AOS813.full,2
14,0,https://rdrr.io/github/sipemu/Nonparametric-Functional-Data-Analysis/man/FuNopaRe.html,1
14,0,https://socialsciences.mcmaster.ca/jfox/Courses/Oxford-2005/slides-handout.pdf,0
14,0,https://www.isical.ac.in/~statmath/report/32664-joydeep.pdf,2
14,0,https://www.math.pku.edu.cn/teachers/yaof/2007-jma.pdf,1
14,0,https://www.math.univ-toulouse.fr/~ferraty/SoftwaresMaterials.html,1
14,0,https://www.researchgate.net/publication/237131107_Nonparametric_Functional_Data_Analysis_Theory_and_Practice,1
14,0,https://www.sciencedirect.com/science/article/pii/S0047259X16301105,2
14,0,https://www.sciencedirect.com/science/article/pii/S0304414904001176,1
14,0,https://www.stata.com/features/overview/nonparametric-regression/,0
14,0,"researchgate.net/publication/237131107_Nonparametric_Functional_Data_Analysis_Theory_and_Practice#:~:text=Nonparametric%20kernel%20regression%20estimation%20is%20a%20familiar%20tool,and%20Silverman%20%282002%29%2C%20and%20Ferraty%20and%20Vieu%20%282006%29.",1
15,0,https://blog.lemontech.com/nuevas-tecnologias-en-2021-que-sera-lo-mas-nuevo/,0
15,0,https://cio.com.mx/nueve-tendencias-tecnologicas-para-2021/,2
15,0,https://esemanal.mx/2021/02/siete-nuevas-tecnologias-y-tendencias-del-futuro-de-la-educacion/,1
15,0,https://larepublica.pe/tecnologia/2021/01/15/ces-2021-los-inventos-mas-innovadores-que-dejo-la-feria-tecnologica-evat/,2
15,0,https://mundo.sputniknews.com/20210117/africa-adelanta-a-europa-en-tecnologias-innovadoras-contra-el-coronavirus-1094139168.html,0
15,0,https://news.samsung.com/cl/tecnologias-del-2020-que-marcaran-la-vida-en-2021,1
15,0,https://trycore.co/tendencias-tecnologicas/12-tendencias-tecnologicas-y-empresariales-para-el-2021/,2
15,0,https://www.abc.es/tecnologia/informatica/soluciones/abci-10-tecnologias-mas-innovadoras-2019-segun-bill-gates-201903041448_noticia.html,2
15,0,https://www.bbvaopenmind.com/tecnologia/innovacion/cinco-tecnologias-2021/,2
15,0,https://www.eitb.eus/es/noticias/tecnologia/,0
15,0,https://www.elespanol.com/invertia/disruptores-innovadores/innovadores/corporaciones/20210114/ces-propuestas-innovadoras-alla-electronica-consumo/550945921_0.html,2
15,0,https://www.elespanol.com/omicrono/hardware/20210118/tecnologias-debes-conocer-comprar-nuevo-televisor/551445895_0.html,1
15,0,https://www.emprendedores.es/franquicias/tecnologias-que-estan-revolucionando-el-mercado-inmobiliario-de-las-franquicias/,0
15,0,https://www.expansion.com/empresas/2021/02/07/601fea66e5fdeae61f8b4588.html,0
15,0,https://www.foodnewslatam.com/paises/4964-europa/10814-tendencias-innovadoras-en-la-alimentaci%C3%B3n-para-2021.html,2
15,0,https://www.forbesargentina.com/innovacion/las-5-principales-tendencias-tecnologia-2021-n4032,2
15,0,https://www.infobae.com/america/tecno/2021/01/14/ces-2021-los-productos-mas-innovadores-que-se-presentaron-en-una-de-las-principales-ferias-tecnologicas/,2
15,0,https://www.interempresas.net/TIC/Articulos/321408-Tendencias-tecnologicas-para-2021.html,2
15,0,https://www.ittrends.es/seguridad/2021/01/tendencias-en-ciberseguridad-para-las-tecnologias-emergentes-mas-innovadoras,1
15,0,https://www.ittrends.es/transformacion-digital/2021/02/nuevas-tecnologias-urbanas-para-digitalizar-las-ciudades-del-futuro,0
15,0,https://www.lavanguardia.com/tecnologia/20210111/6180569/lanzadera-suma-100-nuevas-empresas-innovadoras-programas-aceleracion.html,0
15,0,https://www.marketingdirecto.com/actualidad/checklists/las-10-nuevas-tecnologias-que-cambiaran-el-mundo,2
15,0,https://www.nevasport.com/material-blog/art/60155/hh-powderqueen-30-jacket-innovadora-tecnologia-para-un-alto-rendimiento/,1
15,0,https://www.panoramaaudiovisual.com/2021/02/12/futuro-animacion-nuevas-tecnologias-next-lab/,0
15,0,https://www.technologyreview.es/s/8538/las-seis-tecnologias-emergentes-que-podrian-convertir-2021-en-un-ano-historico,2
15,0,https://www.thenewnow.es/negocio/21-tendencias-para-2021-en-tecnologia-y-negocio/,1
16,0,"http://einsteinrelativelyeasy.com/index.php/general-relativity/81-the-einstein-equation",1
16,0,"http://www.bbc.com/earth/story/20160120-the-most-beautiful-equation-is-einsteins-field-equation",2
16,0,"http://www.diva-portal.org/smash/get/diva2:566736/FULLTEXT01.pdf",1
16,0,"http://www.physics.ucc.ie/apeer/PY4112/Einstein.pdf",1
16,0,"http://www.scholarpedia.org/article/Exact_solutions_of_Einstein%27s_equations",2
16,0,http://www.spacetime-model.com/files/efe.pdf,2
16,0,https://byjus.com/physics/einstein-field-equation/,0
16,0,"https://einsteinrelativelyeasy.com/index.php/general-relativity/81-the-einstein-equation",2
16,0,"https://en.wikipedia.org/wiki/Einstein_field_equations",2
16,0,"https://en.wikipedia.org/wiki/Solutions_of_the_Einstein_field_equations",1
16,0,"https://es.wikipedia.org/wiki/Ecuaciones_del_campo_de_Einstein",2
16,0,"https://mathworld.wolfram.com/EinsteinFieldEquations.htmll",1
16,0,"https://physics.stackexchange.com/questions/179082/laymans-explanation-and-understanding-of-einsteins-field-equations",2
16,0,"https://physicstoday.scitation.org/doi/10.1063/PT.3.2979",1
16,0,"https://warwick.ac.uk/fac/sci/physics/intranet/pendulum/generalrelativity/",2
16,0,"https://warwick.ac.uk/fac/sci/physics/intranet/pendulum/generalrelativity/#:~:text=The%20Einstein%20Field%20Equations%20are,curved%20by%20mass%20and%20energy.&text=%2C%20which%20specifies%20the%20spacetime%20geometry,found%20using%20the%20geodesic%20equation.",1
16,0,https://www.amazon.es/Solutions-Einsteins-Equations-Monographs-Mathematical/dp/0521467020,1
16,0,"https://www.gaia.com/article/quantum-revolution-einstein-aether-and-the-unified-field-theory",2
16,0,"https://www.sciencedirect.com/topics/physics-and-astronomy/einstein-field-equations",1
16,0,"https://www.sciencedirect.com/topics/physics-and-astronomy/einstein-field-equations#:~:text=%20Einstein%20Field%20Equations%20%201%20Curvature%2C%20Strong,Current%20status%20and%20future%20trends.%20%20More%20",2
16,0,"https://www.zweigmedia.com/diff_geom/Sec14.html",2
17,0,http://es.wikipedia.org/wiki/Hart%27s_War,0
17,0,https://as.com/opinion/2019/01/15/portada/1547555331_805696.html,2
17,0,https://context.reverso.net/traduccion/ingles-espanol/everything+is+OK,0
17,0,https://context.reverso.net/traduccion/ingles-espanol/everything+is+okay,0
17,0,https://context.reverso.net/translation/english-spanish/Perfect%2C+now,0
17,0,https://es.linkedin.com/in/jos%C3%A9-luis-s%C3%A1nchez-egea-a368b91b,0
17,0,https://es1lib.org/g/Jos%C3%A9%20Luis%20Verdegay?order=popular&regionChanged=&redirect=182865086,0
17,0,https://es1lib.org/g/Jose%20luis%20Diaz?regionChanged=&redirect=182864945,0
17,0,https://everythinggp.com/listing/joa-jose-luis/,0
17,0,https://majordocs.org/jose-luis-guerin-masterclass/,0
17,0,https://okdiario.com/espana/almeida-aboga-poner-remedio-errores-que-han-llevado-debacle-del-pp-cataluna-6834314,0
17,0,https://spainsnews.com/real-madrid-var-all-ok-jos-luis-go-ahead-the-phrase-that-keeps-the-indignation-of-real-madrid/,2
17,0,https://twitter.com/madridreigns/status/1090719700672266240,1
17,0,https://www.90min.com/es/posts/6288969-el-arbitro-del-todo-ok-jose-luis-volvera-a-estar-a-cargo-del-var-en-el-derbi-madrileno,1
17,0,https://www.bizapedia.com/ok/jose-luis-contreras.html,0
17,0,https://www.britannica.com/biography/Jorge-Luis-Borges,0
17,0,https://www.elmundo.es/deportes/futbol/2019/01/15/5c3db55c21efa0621a8b46f9.html,2
17,0,https://www.facebook.com/huichito.ccpp,0
17,0,https://www.forocoches.com/foro/showthread.php?t=7000580,1
17,0,https://www.goal.com/es/noticias/ruben-uria-todo-ok-jose-luis/nqdnoaio4tzl1c7ymt5a2w42x,1
17,0,https://www.google.es/?gws_rd=ssl,0
17,0,https://www.imdb.com/title/tt0063372/,0
17,0,https://www.imo.es/ru/node/10387,0
17,0,https://www.lagalerna.com/mejor-ok-jose-luis/,1
17,0,https://www.marca.com/futbol/real-madrid/2019/01/15/5c3de677e2704ea9b08b4583.html,2
17,0,https://www.memedeportes.com/futbol/todo-ok-jose-luis,1
17,0,https://www.mundodeportivo.com/futbol/real-madrid/20190130/4697492232/real-madrid-var.html,2
17,0,https://www.mylife.com/jose-luis-angeles/e102079632141198,0
17,0,https://www.noticiasdegipuzkoa.eus/reala/2020/02/03/venganza-ok-jose-luis/1011839.html,2
17,0,https://www.oceanhotels.net/es/hoteles-riviera-maya/ocean-coral-turquesa/opiniones?Page=23,0
17,0,https://www.pinterest.es/pin/692921092639423181/,0
18,0,https://as.com/diarioas/2021/01/24/actualidad/1611519106_458355.html,0
18,0,https://as.com/diarioas/2021/01/31/actualidad/1612125068_302845.html,2
18,0,https://as.com/diarioas/2021/02/12/actualidad/1613129036_372942.html,0
18,0,https://cadenaser.com/emisora/2021/01/22/radio_madrid/1611331008_651366.html,1
18,0,https://elpais.com/espana/madrid/2021-01-29/madrid-amplia-las-restricciones-por-la-covid-a-19-zonas-basicas-mas-y-las-levanta-en-cuatro.html,2
18,0,https://elpais.com/sociedad/2021-02-22/coronavirus-en-espana-estas-son-las-nuevas-restricciones-por-comunidades-autonomas.html,0
18,0,https://elpais.com/sociedad/2021-02-22/ultimas-noticias-del-coronavirus-en-directo-casos-restricciones-y-vacunas-en-espana-y-en-el-mundo.html,0
18,0,https://www.20minutos.es/noticia/4584031/0/restricciones-madrid-zonas-municipios-covid/,0
18,0,https://www.20minutos.es/noticia/4592059/0/ultimas-noticias-directo-coronavirus-covid-espana-toque-queda-restricciones-contagios-muertes-vacunas-estado-alarma/,0
18,0,https://www.antena3.com/noticias/espana/coronavirus-espana-hoy-ultima-hora-restricciones-madrid-vacuna-confinamientos-directo_20210217602cabbb1373f60001af8094.html,0
18,0,https://www.antena3.com/noticias/sociedad/nuevas-restricciones-zonas-basicas-salud-madrid-hoy-viernes-29-enero_202101296013bebdfd33d300012131a1.html,2
18,0,https://www.autofacil.es/coronavirus/2021/01/29/zonas-madrid-confinadas-8-febrero/60602.html,2
18,0,https://www.comunidad.madrid/covid-19,0
18,0,https://www.comunidad.madrid/servicios/salud/coronavirus,0
18,0,https://www.elconfidencial.com/espana/coronavirus/2021-02-19/guia-restricciones-madrid-zonas-basicas-toque-queda_2909035/,0
18,0,https://www.elindependiente.com/vida-sana/2021/02/19/madrid-mejora-y-levanta-las-restricciones-en-31-zonas-basicas-y-en-7-municipios/,0
18,0,https://www.esmadrid.com/coronavirus-madrid,0
18,0,https://www.lasexta.com/noticias/nacional/consulta-restricciones-madrid-euskadi-cataluna-castillala-mancha-resto-ccaa_20210213602a0e5f1373f60001c357e8.html,0
18,0,https://www.lasexta.com/noticias/nacional/restricciones-covid19-espana-hoy-nuevas-medidas-coronavirus-confinamiento-zonas-basicas-salud-madrid-directo_20210212602621adc092770001b8b983.html,0
18,0,https://www.lavanguardia.com/vida/20210209/6233333/restricciones-coronavirus-comunidad-madrid-ultimas-noticias-9-febrero-hoy-en-directo.html,0
18,0,https://www.lavanguardia.com/vida/20210210/6236187/restricciones-coronavirus-comunidad-madrid-ultimas-noticias-10-febrero-hoy-en-directo.html,0
18,0,https://www.lavanguardia.com/vida/20210212/6242145/restricciones-coronavirus-comunidad-madrid-ultimas-noticias-12-febrero-hoy-en-directo.html,0
18,0,https://www.lavanguardia.com/vida/20210219/6256209/restricciones-catalunya-22-de-febrero.html,0
18,0,https://www.lavanguardia.com/vida/20210221/6256886/restricciones-coronavirus-comunidad-madrid-ultimas-noticias-21-febrero-hoy-en-directo.html,0
18,0,https://www.madridiario.es/datos-covid-zonas-basicas-salud-viernes-5-febrero,1
18,0,https://www.rtve.es/noticias/20210219/madrid-limita-movilidad-zonas-salud-tras-estado-alarma/2048282.shtml,0
18,0,https://www.rtve.es/noticias/20210222/mapa-confinamientos-espana-coronavirus-restricciones/2041269.shtml,0
18,0,https://www.telemadrid.es/coronavirus-covid-19/Madrid-lunes-enero-localidades-restricciones-0-2303169673--20210108122439.html,0
18,0,https://www.telemadrid.es/coronavirus-covid-19/madrid-restricciones-zonas-municipios-0-2307369266--20210122061918.html,1
18,0,https://www.telemadrid.es/coronavirus-covid-19/zonas-restricciones-madrid-0-2315768403--20210219103758.html,0
18,0,https://www.vidademadrid.com/es/30126/madrid-restricciones-covid-bocm-19-23-enero-2021/,1
19,0,https://askubuntu.com/questions/24406/how-to-close-vim-from-the-command-line,2
19,0,https://dev.to/jeremy/how-to-exit-vim-11dm,2
19,0,https://dev.to/thesmartcoder/how-to-exit-vim-990,2
19,0,https://exitvim.net/,2
19,0,https://github.com/hakluke/how-to-exit-vim,0
19,0,https://hashrocket.com/blog/posts/how-to-quit-vim,2
19,0,https://itsfoss.com/how-to-exit-vim/,2
19,0,https://linuxhint.com/vim_exit_and_save/,2
19,0,https://linuxize.com/post/how-to-save-file-in-vim-quit-editor/,1
19,0,https://phoenixnap.com/kb/how-to-exit-vim,2
19,0,https://stackoverflow.blog/2017/05/23/stack-overflow-helping-one-million-developers-exit-vim/,0
19,0,https://stackoverflow.com/questions/11828270/how-do-i-exit-the-vim-editor,2
19,0,https://stackoverflow.com/questions/9171356/how-do-i-exit-from-the-text-window-in-git,1
19,0,https://thesmartcoder.dev/exit-vim/,2
19,0,https://unix.stackexchange.com/questions/71109/how-can-i-exit-from-read-only-mode-in-vim,0
19,0,https://vi.stackexchange.com/questions/4919/exit-from-terminal-mode-in-neovim-vim-8,0
19,0,https://www.cyberciti.biz/faq/linux-unix-exit-vim-editor/,2
19,0,https://www.cyberciti.biz/faq/linux-unix-vim-save-and-quit-command/,1
19,0,https://www.howtoexitvim.org/,2
19,0,https://www.howtogeek.com/411210/how-to-exit-the-vi-or-vim-editor/,2
19,0,https://www.tecmint.com/exit-file-in-vi-vim-editor-in-linux/,2
20,0,https://corporatefinanceinstitute.com/resources/knowledge/other/game-theory/,1
20,0,https://cs.stanford.edu/people/eroberts/courses/soco/projects/1998-99/game-theory/applications.html,2
20,0,https://en.wikipedia.org/wiki/Game_theory,2
20,0,"https://en.wikipedia.org/wiki/Game_theory#:~:text=In%20addition%20to%20being%20used,of%20good%20or%20proper%20behavior.",2
20,0,https://ieconferences.com/game-theory-and-its-applications/,1
20,0,https://innertowords.com/game-theory-and-its-applications-in-various-fields/,2
20,0,https://link.springer.com/article/10.1007/s41635-019-00089-3,2
20,0,https://scholarworks.uni.edu/cgi/viewcontent.cgi?article=1097&context=pst,2
20,0,https://studiousguy.com/game-theory-examples/,1
20,0,https://www.britannica.com/science/game-theory,1
20,0,https://www.businessmanagementideas.com/management/game-theory-assumptions-application-and-limitations/523,1
20,0,https://www.cleverism.com/applied-game-theory-day-day-business-operations/,1
20,0,https://www.hindawi.com/journals/jam/si/754764/,2
20,0,https://www.investopedia.com/articles/financial-theory/08/game-theory-basics.asp,0
20,0,https://www.investopedia.com/ask/answers/09/game-theory-business.asp,1
20,0,https://www.nap.edu/read/13062/chapter/6,1
20,0,https://www.researchgate.net/post/What_are_the_applications_of_Game_Theory_in_your_field,0
20,0,https://www.researchgate.net/publication/215912389_Game_Theory_as_a_Marketing_Tool_Uses_and_Limitations,2
20,0,https://www.researchgate.net/publication/335980083_Applications_of_Game_Theory_in_Project_Management_A_Structured_Review_and_Analysis,2
20,0,https://www.sciencedirect.com/book/9780123701824/game-theory-and-applications,1
20,0,https://www.scientificamerican.com/article/what-is-game-theory-and-w/,1
20,0,https://www.springer.com/journal/182,0
20,0,https://www.worldscientific.com/doi/abs/10.1142/S0219198913400112,0
21,0,http://www.trmotosports.com/mclaren-supports-new-sprint-race-format-after-rejecting-f1s-previous-plan/,0
21,0,https://f1ingenerale.com/f1-ecclestone-boccia-la-sprint-race-il-formato-non-rendera-i-gp-piu-entusiasmanti/,0
21,0,https://inews.co.uk/sport/formula-one/reverse-grid-f1-sprint-race-what-how-work-qualifying-plan-controversy-explained-641975,0
21,0,https://it.motorsport.com/f1/news/f1-sprint-race-ecco-cosa-fa-discutere-del-format/5380606/,0
21,0,https://motorsportsnews.net/2021/02/18/formula-1-driver-daniel-ricciardo-says-that-a-sprint-race-format-is-a-better-alternative-than-reverse-grids/,1
21,0,https://the-race.com/formula-1/how-new-sprint-race-plan-would-change-f1/,2
21,0,https://www.autosport.com/f1/news/154998/f1-sprint-race-decision-due-before-new-season,1
21,0,https://www.autoweek.com/racing/formula-1/a35548089/f1-sprint-race-qualifying-trial-gets-thumbs-up-from-ricciardo-marko/,1
21,0,https://www.carscoops.com/2021/02/__trashed-5/,2
21,0,https://www.crash.net/f1/news/950897/1/mclaren-supports-new-sprint-race-format-after-rejecting-f1-s-previous-plan,0
21,0,https://www.essentiallysports.com/f1-news-ecclestone-suggests-radical-rules-for-f1-sprint-races-only-way-to-keep-the-tension-high/,0
21,0,https://www.essentiallysports.com/f1-news-everything-you-need-to-know-about-the-sprint-race-format-and-f1s-plan-of-implementation/,2
21,0,https://www.f1-fansite.com/f1-news/f1-world-supports-new-sprint-race-weekend-format-for-this-season/,1
21,0,https://www.formula1.com/en/latest/article.broad-support-from-f1-teams-for-new-sprint-race-format-at-some-races.7o0u5or8wIxY62OgYYjtcY.html,0
21,0,https://www.motorsport.com/f1/news/saturday-sprint-races-reverse-grids/5341079/,0
21,0,https://www.planetf1.com/features/formula-1-sprint-races-unnecessary/,1
21,0,https://www.racefans.net/2021/02/09/f1-wants-to-trial-sprint-races-and-friday-qualifying-at-three-rounds-in-2021/,2
21,0,https://www.skysports.com/f1/news/12433/12213497/formula-1s-new-plan-for-three-saturday-sprint-races-in-place-of-qualifying-in-2021-set-for-vote,2
21,0,https://www.thesun.co.uk/sport/motorsport/9922290/f1-teams-scrap-qualifying-sprint-race/,0
22,0,http://latexdraw.sourceforge.net,2
22,0,http://www.sciweavers.org/free-online-latex-equation-editor,2
22,0,https://cs.overleaf.com/learn/latex/Wrapping_text_around_figures,0
22,0,https://es.overleaf.com,0
22,0,https://es.overleaf.com/learn/latex/Inserting_Images,0
22,0,https://it.overleaf.com/learn/latex/Positioning_images_and_tables,0
22,0,https://latexeditor.lagrida.com,2
22,0,https://nl.overleaf.com/learn/latex/Lists_of_tables_and_figures,0
22,0,https://pt.overleaf.com/learn/latex/Referencing_Figures,0
22,0,https://sharelatex.psi.ch/learn/Inserting_Images,0
22,0,https://sv.overleaf.com/learn/latex/Lists_of_tables_and_figures,2
22,0,https://tex.stackexchange.com/questions/84890/online-latex-diagram-graphical-editor,1
22,0,https://tikzit.github.io,2
22,0,https://www.codecogs.com/latex/eqneditor.php,2
22,0,https://www.grammarly.com,0
22,0,https://www.grammarly.com/?q=essay&utm_source=bing&utm_medium=cpc&utm_campaign=384778756&utm_content=&utm_term=%2Bonline%20%2Beditor&matchtype=b&placement=&network=o&&msclkid=11106277206b186dbe960243f6e7fc74&gclid=11106277206b186dbe960243f6e7fc74&gclsrc=3p.ds,0
22,0,https://www.latex-tables.com,2
22,0,https://www.mathcha.io,2
22,0,"https://www.overleaf.com/learn/latex/How_to_Write_a_Thesis_in_LaTeX_(Part_3):_Figures,_Subfigures_and_Tables",0
22,0,https://www.overleaf.com/learn/latex/Images,0
22,0,https://www.overleaf.com/learn/latex/Inserting_Images,0
22,0,https://www.overleaf.com/learn/latex/Management_in_a_large_project,0
22,0,https://www.overleaf.com/learn/latex/Positioning_of_Figures,0
22,0,https://www.overleaf.com/learn/latex/Referencing_Figures,0
22,0,https://www.sharelatex.com,0
22,0,https://www.tutorialspoint.com/online_latex_editor.php,1
23,0,https://ejerciciosencasa.as.com/como-ganar-masa-muscular/,2
23,0,https://es.wikihow.com/aumentar-la-masa-muscular-r%C3%A1pidamente,0
23,0,https://medicoplus.com/nutricion/como-ganar-masa-muscular-consejos-eficaces,2
23,0,https://mhunters.com/es/blog/como-ganar-masa-muscular/,2
23,0,https://mhunters.com/es/blog/dieta-para-ganar-masa-muscular-hombres-mujeres/,1
23,0,https://skilledfitness.com/ganar-masa-muscular/,2
23,0,https://www.abc.es/bienestar/fitness/abci-como-ganar-masa-muscular-comer-y-como-ejercitarse-202005210408_noticia.html,2
23,0,https://www.cambiatufisico.com/ganar-masa-muscular/,2
23,0,https://www.centrojuliafarre.es/dietas/alimentacion-para-subir-musculo/,1
23,0,https://www.cuatro.com/deportes/otros-deportes/como-ganar-masa-muscular-be5m_18_3022170315.html,1
23,0,https://www.dir.cat/blog/es/como-ganar-masa-muscular-los-3-factores-a-tener-en-cuenta/,2
23,0,https://www.foodspring.es/magazine/plan-entrenamiento-para-ganar-masa-muscular,2
23,0,https://www.menshealth.com/es/fitness/a28635316/ganar-musculo-rapido-consejos/,0
23,0,https://www.myprotein.es/thezone/entrenamiento/eliminar-grasa-ganar-masa-muscular/,2
23,0,https://www.revistagq.com/cuidados/articulo/como-desarrollar-masa-muscular-ejercicios-en-casa-9-minutos,1
23,0,https://www.revistagq.com/cuidados/articulo/como-ganar-masa-muscular-ejercicios,1
23,0,https://www.runtastic.com/blog/es/como-aumentar-la-masa-muscular/,2
23,0,https://www.sabervivirtv.com/nutricion/alimentos-para-ganar-masa-muscular_1964,1
23,0,"https://www.sportlife.es/nutricion/como-ganar-peso-en-forma-masa-muscular_224326_102.html#:~:text=Saltarte%20comidas.%20Para%20aumentar%20masa%20muscular%2C%20una%20de,lo%20largo%20del%20d%C3%ADa%2C%20mejora%20el%20balance%20proteico.",2
23,0,https://www.tuasaude.com/es/consejos-para-ganar-masa-muscular/,2
24,0,https://247-income-news.com/es-jordi-cruz/?sxid=y9fzynthsczq&ttorigin=y9fzynthsczq,0
24,0,https://disruptive-bit.com/los-4-algoritmos-de-clasificacion-mas-importantes-de-google/,1
24,0,https://elpais.com/elpais/2020/01/24/ideas/1579862649_837380.html,0
24,0,https://elpais.com/elpais/2020/01/24/ideas/1579869267_767747.html,0
24,0,https://es.wikipedia.org/wiki/Eficiencia_algor%C3%ADtmica,0
24,0,https://pijamasurf.com/2014/06/10-algoritmos-que-dominan-nuestro-mundo/,2
24,0,https://retina.elpais.com/retina/2018/03/22/tendencias/1521745909_941081.html,0
24,0,https://retina.elpais.com/retina/2020/10/20/tendencias/1603213088_525171.html,0
24,0,https://rockcontent.com/es/blog/tipos-de-algoritmos/,2
24,0,https://www.abc.es/economia/abci-escuadron-algoritmos-para-revolucionar-recursos-humanos-202012140138_noticia.html?ref=https:%2F%2Fduckduckgo.com%2F,1
24,0,https://www.bbc.com/mundo/blogs/2014/05/140528_blog_un_mundo_feliz_algoritmos,0
24,0,https://www.bbc.com/mundo/noticias-38932308,0
24,0,https://www.bbc.com/mundo/noticias-50223408,0
24,0,https://www.bbc.com/mundo/noticias-50405438,0
24,0,https://www.bbva.com/es/empresas-mayor-exito-algoritmo-detras/,0
24,0,https://www.derivandodx.com/page-rank-el-algoritmo-matematico-que-hizo-a-google-dominar-el-mundo/,2
24,0,https://www.deutschland.de/es/topic/economia/digitalizacion-son-los-algoritmos-utiles-o-peligrosos,0
24,0,https://www.elconfidencial.com/tecnologia/2015-01-08/un-algoritmo-con-la-estrategia-perfecta-para-ganar-siempre-al-poker_618125/,1
24,0,https://www.genbeta.com/desarrollo/el-algoritmo-de-dios,2
24,0,https://www.genbeta.com/desarrollo/los-10-mejores-algoritmos-de-computacion-del-siglo-xx,2
24,0,https://www.ie.edu/insights/es/articulos/el-poder-de-los-algoritmos/,0
24,0,https://www.meneame.net/m/tecnolog%C3%ADa/timsort-algoritmo-ordenacion-mas-rapido-nunca-has-oido-hablar,0
24,0,https://www.mundodesconocido.es/el-oscuro-algoritmo-de-google/,0
24,0,https://www.seoptimer.com/es/blog/ejemplos-de-algoritmos/,1
24,0,https://www.xataka.com/robotica-e-ia/estos-son-los-tipos-de-algoritmos-clave-en-la-busqueda-de-la-inteligencia-artificial,1
25,0,https://clutchpoints.com/elden-ring-news-everything-you-need-to-know-release-date-details-and-more/,0
25,0,https://comicbook.com/gaming/news/elden-ring-release-date-new-rumor-june-2021/,0
25,0,https://es.wikipedia.org/wiki/Elden_Ring,0
25,0,"https://gamerant.com/elden-ring-release-date-2020/#:~:text=As%20it%20so%20happens%2C%20the%20next%20game%20from,Ring%20release%20date%20will%20be%20in%20June%202020.",0
25,0,https://gamerant.com/elden-ring-release-date-when-2021/,2
25,0,https://gamingintel.com/elden-ring-gameplay-details/,1
25,0,https://juegosadn.eleconomista.es/elden-ring-todos-los-detalles-del-juego-de-from-software-para-2021-ar-3886/,1
25,0,https://metro.co.uk/2020/12/30/elden-ring-rumours-claim-2021-release-and-a-map-larger-than-dark-souls-13824875/,1
25,0,https://screenrant.com/elden-ring-release-date-2021-leaks-rumors-explained/,0
25,0,https://screenrant.com/elden-ring-release-date-fromsoftware-rumors-leaks-launch/,1
25,0,https://screenrant.com/elden-ring-release-date-rumor-timeline-fromsoftware-soulsborne/,1
25,0,https://store.steampowered.com/news/group/3693985/view/2892955313303069066?l=thai,1
25,0,https://www.express.co.uk/entertainment/gaming/1379427/Elden-Ring-gameplay-details-artwork-2021-release-date-news-leaked,2
25,0,https://www.ibtimes.com/elden-ring-release-date-gaming-platforms-content-details-leaked-3131252,1
25,0,https://www.inverse.com/gaming/elden-ring-release-date-trailer-concept-art-leaks-news-fromsoftware,0
25,0,https://www.pcgamer.com/elden-ring-everything-we-know/,1
25,0,https://www.pcgamesn.com/elden-ring/release-date-game,1
25,0,https://www.somosxbox.com/informacion-sobre-elden-ring/887012,2
25,0,https://www.techtimes.com/articles/255810/20210111/rumor-hints-bandais-elden-ring-release-date-2021-delays.htm,1
26,0,https://all3dp.com/1/best-raspberry-pi-projects/,1
26,0,https://beebom.com/best-raspberry-pi-4-projects/,2
26,0,https://flipboard.com/@jmclurkin/raspberry-pi-projects-hdc2ek2pz,2
26,0,https://itsfoss.com/raspberry-pi-projects/,1
26,0,https://pimylifeup.com/category/projects/,1
26,0,https://projects.raspberrypi.org/en,0
26,0,https://www.hackster.io/raspberry-pi/projects,1
26,0,https://www.ionos.com/digitalguide/server/know-how/raspberry-pi-projects/,1
26,0,https://www.itpro.co.uk/mobile/21862/raspberry-pi-top-projects-to-try-yourself,1
26,0,https://www.makeuseof.com/tag/10-raspberry-pi-projects-beginners/,1
26,0,https://www.seeedstudio.com/blog/2019/09/29/top-20-best-raspberry-pi-4-projects-that-you-must-try-now/,1
26,0,https://www.tomshardware.com/features/best-raspberry-pi-projects,2
26,0,https://www.tomshardware.com/uk/features/best-raspberry-pi-projects,1
26,0,https://www.tomshardware.com/uk/features/best-raspberry-pi-projects/2,1
26,0,https://www.trustedreviews.com/opinion/best-raspberry-pi-projects-pi-3-pi-zero-2949390,1
26,0,https://www.ubuntupit.com/20-best-raspberry-pi-projects-that-you-can-start-right-now/,1
26,0,https://www.ubuntupit.com/best-raspberry-pi-4-projects-for-pi-enthusiasts/,2
26,0,https://www.upgrad.com/blog/raspberry-pi-project-ideas-topics-beginners/,2
27,0,https://recetasthermomix.net/,1
27,0,https://saborgourmet.com/las-mejores-recetas-de-thermomix/,1
27,0,https://thermomix-madrid-mendezalvaro.es/rosa-sanz/general/las-mejores-recetas-hechas-en-thermomix-en-menos-de-30-minutos-apuntate-a-la-clase-de-cocina/,2
27,0,https://www.directoalpaladar.com/categoria/recetas-con-thermomix,1
27,0,https://www.directoalpaladar.com/directo-al-paladar/101-recetas-de-thermomix-para-no-aburrirte-nunca,1
27,0,https://www.directoalpaladar.com/directo-al-paladar/las-mejores-recetas-de-thermomix-con-velocidad-cuchara,1
27,0,https://www.directoalpaladar.com/recetas-con-thermomix/13-mejores-recetas-thermomix-para-hacer-monsieur-cuisine-lidl,1
27,0,https://www.directoalpaladar.com/recetas-con-thermomix/15-mejores-recetas-thermomix-nuestros-expertos,2
27,0,https://www.directoalpaladar.com/recetas-con-thermomix/mejores-recetas-thermomix-para-verano,1
27,0,https://www.elespanol.com/cocinillas/recetas/robot-de-cocina/20190106/recetas-estrenar-thermomix-tm5/1001465903398_30.html,1
27,0,https://www.frutamare.com/recetas-con-thermomix,2
27,0,https://www.lavanguardia.com/comer/recetas/20200412/48389635751/recetas-thermomix-mejores-tarta-de-queso-arroz-caldoso-carne-guisada-crema-de-marisco-macarrones.html,1
27,0,https://www.pequerecetas.com/receta/recetas-thermomix-faciles/,2
27,0,https://www.pinterest.es/mila0434/recetas-thermomix/,1
27,0,https://www.thermorecetas.com/,2
27,0,https://www.thermorecetas.com/articulos/9-recetas-iniciarse-la-thermomix/,1
27,0,https://www.tuexperto.com/2019/03/06/5-webs-de-recetas-de-la-thermomix-que-merece-la-pena-visitar/,1
28,0,https://actualidad.rt.com/actualidad/384365-eeuu-describir-hipotesis-posturas-iran-enriquecer-uranio,0
28,0,https://energia-nuclear.net/funcionamiento-central-nuclear/combustible-nuclear/uranio/uranio-enriquecido,2
28,0,https://es.noticias.yahoo.com/ir%C3%A1n-destaca-resultado-significativo-conversaciones-132101450.html,0
28,0,https://es.wikihow.com/enriquecer-uranio,2
28,0,https://es.wikipedia.org/wiki/Enriquecimiento_de_uranio,2
28,0,https://es.wikipedia.org/wiki/Uranio,0
28,0,https://nmas1.org/news/2018/05/09/uranio-ciencia,2
28,0,https://www.bbc.com/mundo/noticias-internacional-48936831,0
28,0,https://www.diariodesevilla.es/mundo/Iran-nuclear-empieza-enriquecer-uranio_0_1534946977.html,0
28,0,https://www.dw.com/es/ir%C3%A1n-comienza-a-enriquecer-uranio-a-20-y-viola-el-acuerdo-nuclear/a-56124542,0
28,0,https://www.eldiario.es/internacional/politica-significa-enriquecer-acciones-iran_1_1441346.html,2
28,0,https://www.eldiario.es/politica/jamenei-afirma-iran-enriquecer-uranio-60-si-necesario_1_7242542.html,0
28,0,https://www.eldiario.es/politica/oiea-iran-sigue-enriqueciendo-uranio-ampliando-capacidades-nucleares_1_7246440.html,0
28,0,https://www.eleconomista.es/internacional/noticias/10973207/01/21/Iran-inicia-los-procedimientos-para-enriquecer-uranio-al-20-en-su-planta-de-Fordo.html,0
28,0,https://www.elnacional.com/mundo/iran-continua-desafiando-el-pacto-nuclear-jamenei-afirmo-que-puede-enriquecer-uranio-hasta-el-60-de-pureza/,0
28,0,https://www.elsaltodiario.com/salamanca/isotopos-bursatiles-como-enriquecerse-uranio-pobre-salamanca,0
28,0,https://www.foronuclear.org/actualidad/a-fondo/etapas-para-la-obtencion-del-combustible-nuclear-a-partir-del-uranio/,2
28,0,https://www.lapatilla.com/2021/02/23/oiea-iran-uranio/,0
28,0,https://www.larazon.es/internacional/20201128/pbb3msxcbrcddnauilacqexihi.html,1
28,0,https://www.lenntech.es/periodica/elementos/u.htm,0
28,0,https://www.msn.com/es-pe/noticias/otras/ir%C3%A1n-inicia-el-proceso-para-enriquecer-uranio-al-20-y-viola-el-acuerdo-nuclear/vi-BB1csMCf,0
28,0,https://www.msn.com/es-ve/noticias/mundo/ir%C3%A1n-inicia-el-proceso-para-enriquecer-uranio-a-20/ar-BB1csrGZ,1
28,0,https://www.quimica.es/enciclopedia/Enriquecimiento_de_uranio.html,2
28,0,https://www.sne.es/preguntas-y-respuestas/funcionamiento-centrales-nucleares/por-que-enriquece-uranio/,1
28,0,https://www.taringa.net/+info/como-enriquecer-uranio_12t3h3,1
